Stock A,Stock B,p-value
DABUR.NS,HINDUNILVR.NS,9.992763784907044e-05
GRASIM.NS,HINDALCO.NS,0.000245712968763465
HINDALCO.NS,TATASTEEL.NS,0.0005492006675183771
CHOLAFIN.NS,JINDALSTEL.NS,0.0021274429378725992
BAJAJ-AUTO.NS,SIEMENS.NS,0.002271312364396844
ASHOKLEY.NS,EICHERMOT.NS,0.002356435606580479
BHARATFORG.NS,TVSMOTOR.NS,0.003177988951266035
AMBUJACEM.NS,SBIN.NS,0.003719463380978187
SRF.NS,TATACHEM.NS,0.0038065904295393046
JINDALSTEL.NS,ULTRACEMCO.NS,0.0038288578902549502
ADANIPORTS.NS,ULTRACEMCO.NS,0.004117747960927245
GRASIM.NS,TATASTEEL.NS,0.004436126258264159
BHEL.NS,COALINDIA.NS,0.004740986237079109
ICICIPRULI.NS,MUTHOOTFIN.NS,0.006040875927277652
SBIN.NS,TATAPOWER.NS,0.0063402013856329684
AXISBANK.NS,CHOLAFIN.NS,0.006435064698805339
ADANIENT.NS,TATACHEM.NS,0.006561955042372334
JINDALSTEL.NS,SBIN.NS,0.006639411590566668
HINDALCO.NS,ULTRACEMCO.NS,0.007046447440238221
HAVELLS.NS,HINDALCO.NS,0.007059327026435421
AMBUJACEM.NS,HINDALCO.NS,0.007341329628650898
BHARATFORG.NS,TATAPOWER.NS,0.007701362364641234
AXISBANK.NS,LT.NS,0.008076372441841369
AMBUJACEM.NS,TATAPOWER.NS,0.008104547454472396
ADANIPORTS.NS,JINDALSTEL.NS,0.008370252439742314
BHARATFORG.NS,NTPC.NS,0.008629635385002476
ASHOKLEY.NS,GRASIM.NS,0.009078489722081211
ADANIPORTS.NS,SBIN.NS,0.00965782416977994
BHARATFORG.NS,ONGC.NS,0.009846726695519939
BAJAJFINSV.NS,RELIANCE.NS,0.009907312496062273
CANBK.NS,IOC.NS,0.009962130165127628
NTPC.NS,OIL.NS,0.010414474034109854
ASHOKLEY.NS,VEDL.NS,0.01075066882323043
CHOLAFIN.NS,SBIN.NS,0.010776087022835276
CANBK.NS,ONGC.NS,0.01107499957290489
AMBUJACEM.NS,JINDALSTEL.NS,0.011214919872234521
BHARATFORG.NS,LT.NS,0.012521406641849277
CANBK.NS,COALINDIA.NS,0.012671954618853275
ASHOKLEY.NS,JINDALSTEL.NS,0.012888356837328521
HDFCBANK.NS,SHREECEM.NS,0.01319019747334994
HAVELLS.NS,PIDILITIND.NS,0.014092134625470208
AMBUJACEM.NS,TATASTEEL.NS,0.014789927158368391
EICHERMOT.NS,TVSMOTOR.NS,0.015101701451049339
AXISBANK.NS,JINDALSTEL.NS,0.015546351228170208
HDFCBANK.NS,KOTAKBANK.NS,0.015790276497164475
BAJAJ-AUTO.NS,BHARATFORG.NS,0.015914422462767735
JINDALSTEL.NS,LT.NS,0.016513671092780922
AXISBANK.NS,SBIN.NS,0.01654115062446539
IOC.NS,ONGC.NS,0.01661940202788173
AXISBANK.NS,ULTRACEMCO.NS,0.017031472066766404
GRASIM.NS,JINDALSTEL.NS,0.017050970079481764
BHARATFORG.NS,EICHERMOT.NS,0.017077596346071908
ADANIENT.NS,SRF.NS,0.017705776753815867
HAVELLS.NS,ICICIBANK.NS,0.019909314291590683
BAJAJ-AUTO.NS,M&M.NS,0.02038045008765952
BHEL.NS,BOSCHLTD.NS,0.021009741703827398
ASIANPAINT.NS,BAJFINANCE.NS,0.021467550627001845
BOSCHLTD.NS,CANBK.NS,0.022932901806599095
BANKBARODA.NS,COALINDIA.NS,0.02346024694532629
HINDALCO.NS,SBIN.NS,0.0238033098460791
SBIN.NS,VEDL.NS,0.02519669965174925
BHARATFORG.NS,SBIN.NS,0.026436022219537475
OIL.NS,VEDL.NS,0.02647838868107697
HAVELLS.NS,TATASTEEL.NS,0.026548315307343428
ABB.NS,SIEMENS.NS,0.028427145669317106
ASHOKLEY.NS,SBIN.NS,0.02870855616966034
ADANIPORTS.NS,HINDALCO.NS,0.030496199394046797
AXISBANK.NS,TITAN.NS,0.03165651446871287
COALINDIA.NS,ONGC.NS,0.03344000715474742
BAJFINANCE.NS,SHREECEM.NS,0.03376654587671351
ASIANPAINT.NS,DABUR.NS,0.03447648713059693
AMBUJACEM.NS,ULTRACEMCO.NS,0.03454566640088995
AMBUJACEM.NS,GRASIM.NS,0.03462378795086583
HAVELLS.NS,ULTRACEMCO.NS,0.035052836181583225
SIEMENS.NS,TVSMOTOR.NS,0.03522117918847819
ASHOKLEY.NS,BHARATFORG.NS,0.03592966024023281
ULTRACEMCO.NS,VEDL.NS,0.036615499727305344
EICHERMOT.NS,M&M.NS,0.03744446133233465
EICHERMOT.NS,JINDALSTEL.NS,0.03904417222477023
RELIANCE.NS,TATACONSUM.NS,0.039990744969555056
AMBUJACEM.NS,ASHOKLEY.NS,0.04064866022143001
ADANIPORTS.NS,GRASIM.NS,0.04133914041207758
ONGC.NS,VEDL.NS,0.04155292363835655
NTPC.NS,ONGC.NS,0.04378238111535522
EICHERMOT.NS,SIEMENS.NS,0.04418451572217775
BPCL.NS,POWERGRID.NS,0.04462841043008789
AXISBANK.NS,HINDALCO.NS,0.04572982397269005
TATASTEEL.NS,ULTRACEMCO.NS,0.04577416312484652
EICHERMOT.NS,SBIN.NS,0.04665421565427395
BAJAJFINSV.NS,PIDILITIND.NS,0.04707043659954024
ADANIPORTS.NS,TATASTEEL.NS,0.04707352528853844
BHARATFORG.NS,GRASIM.NS,0.04722125613627609
BAJAJFINSV.NS,SRF.NS,0.04866512410200295
BHARATFORG.NS,SIEMENS.NS,0.04942538408323785
AMBUJACEM.NS,TATACHEM.NS,0.04952476208394534
BPCL.NS,GAIL.NS,0.05021106514986249
EICHERMOT.NS,GRASIM.NS,0.050492541245329405
ICICIPRULI.NS,ULTRACEMCO.NS,0.050608409229123484
ADANIPORTS.NS,BHARATFORG.NS,0.0509695490917819
BHARATFORG.NS,VEDL.NS,0.05104049254843306
LT.NS,POWERGRID.NS,0.05159032048426719
ICICIPRULI.NS,TATACONSUM.NS,0.0520965343131571
ADANIPORTS.NS,ASHOKLEY.NS,0.05245227165363266
ASHOKLEY.NS,SIEMENS.NS,0.05330018900145698
CHOLAFIN.NS,GRASIM.NS,0.053433167971485604
DABUR.NS,NESTLEIND.NS,0.05482774469960346
AXISBANK.NS,TATASTEEL.NS,0.055131961748247194
CHOLAFIN.NS,LT.NS,0.055648034495777404
ASHOKLEY.NS,TATAPOWER.NS,0.055672367227741416
BPCL.NS,SIEMENS.NS,0.05632277504622163
ADANIPORTS.NS,VEDL.NS,0.056334115558202245
BRITANNIA.NS,NESTLEIND.NS,0.05656456001234021
PIDILITIND.NS,TATACONSUM.NS,0.05712610381696854
CHOLAFIN.NS,TATASTEEL.NS,0.057661095591587164
HAVELLS.NS,TITAN.NS,0.05814218755601779
ASHOKLEY.NS,TVSMOTOR.NS,0.05925183994584908
CANBK.NS,NTPC.NS,0.059756118855323934
IOC.NS,OIL.NS,0.06081235704848564
AMBUJACEM.NS,VEDL.NS,0.060933770005295984
HDFCBANK.NS,ICICIPRULI.NS,0.06142766731331579
ADANIPORTS.NS,TATAPOWER.NS,0.06145412837214551
BANKBARODA.NS,ONGC.NS,0.06282209026981332
CANBK.NS,EICHERMOT.NS,0.06329089968158162
INFY.NS,TCS.NS,0.06503941608992833
AMBUJACEM.NS,BHARATFORG.NS,0.06562490566686117
NTPC.NS,SIEMENS.NS,0.06639039513739926
BAJAJFINSV.NS,TATACHEM.NS,0.06648314771219789
GRASIM.NS,VEDL.NS,0.06847044259457706
AXISBANK.NS,GRASIM.NS,0.06870936300306425
BRITANNIA.NS,GODREJCP.NS,0.06924077842840096
BAJFINANCE.NS,RELIANCE.NS,0.0699944734401551
CHOLAFIN.NS,ICICIBANK.NS,0.07066672982240035
ADANIPORTS.NS,ICICIBANK.NS,0.07134190007896203
UBL.NS,ULTRACEMCO.NS,0.07209050700121378
BPCL.NS,M&M.NS,0.0722047774503439
BHARATFORG.NS,JINDALSTEL.NS,0.07228213505517866
BAJAJ-AUTO.NS,TVSMOTOR.NS,0.0723286421074287
AXISBANK.NS,TATAPOWER.NS,0.07236360812803849
ABB.NS,LT.NS,0.07298228881948243
CHOLAFIN.NS,ULTRACEMCO.NS,0.07534072897463902
BANKBARODA.NS,CANBK.NS,0.07568620370979018
BAJAJ-AUTO.NS,LT.NS,0.07579371747117268
ASHOKLEY.NS,LT.NS,0.07613149468057724
BAJAJFINSV.NS,ICICIPRULI.NS,0.07614394885674426
SBIN.NS,ULTRACEMCO.NS,0.07636447248291858
BAJAJFINSV.NS,BAJFINANCE.NS,0.07686320130327226
ASIANPAINT.NS,KOTAKBANK.NS,0.07694753340963047
HINDALCO.NS,TATACONSUM.NS,0.0780346509451906
BAJAJFINSV.NS,TATACONSUM.NS,0.07867375812557892
BHARATFORG.NS,MARUTI.NS,0.07883349823564795
BPCL.NS,NTPC.NS,0.07934428689451539
TATACHEM.NS,TATACONSUM.NS,0.07956546955673344
HAVELLS.NS,SBIN.NS,0.07963864092178291
GODREJCP.NS,TATACONSUM.NS,0.07975645810787035
LT.NS,TVSMOTOR.NS,0.08083446011918871
ADANIPORTS.NS,BPCL.NS,0.08100665413359365
NESTLEIND.NS,PIDILITIND.NS,0.08105261035394573
BHARATFORG.NS,GAIL.NS,0.08165156796273826
ADANIPORTS.NS,AXISBANK.NS,0.08196336430866996
AMBUJACEM.NS,AXISBANK.NS,0.08223818124477678
EICHERMOT.NS,TATAPOWER.NS,0.082388096293251
BANKBARODA.NS,BHEL.NS,0.08325278375464507
IOC.NS,NTPC.NS,0.0844950201039627
AMBUJACEM.NS,SIEMENS.NS,0.08512322822241808
ASHOKLEY.NS,ULTRACEMCO.NS,0.08544597157590833
ADANIPORTS.NS,LT.NS,0.08586149790612324
BPCL.NS,ULTRACEMCO.NS,0.08641507949454208
GAIL.NS,OIL.NS,0.08666735558567873
ASHOKLEY.NS,NTPC.NS,0.08836241228334996
EICHERMOT.NS,HEROMOTOCO.NS,0.08850107555817849
CANBK.NS,TVSMOTOR.NS,0.08928761429393756
BAJAJFINSV.NS,HAVELLS.NS,0.08933646405827889
ASIANPAINT.NS,RELIANCE.NS,0.08954248702942302
ASIANPAINT.NS,SHREECEM.NS,0.08958018437465076
BAJFINANCE.NS,PIDILITIND.NS,0.0902581897751949
CHOLAFIN.NS,TATAPOWER.NS,0.09337001615832496
SHREECEM.NS,TITAN.NS,0.0934749754028345
EICHERMOT.NS,LT.NS,0.09398265995381277
TATACHEM.NS,TATASTEEL.NS,0.09482276384713834
BHEL.NS,NTPC.NS,0.0955177283403022
CANBK.NS,HEROMOTOCO.NS,0.09580677815918148
ASHOKLEY.NS,CHOLAFIN.NS,0.09634350919591128
BAJFINANCE.NS,ICICIPRULI.NS,0.09686102415082215
TATAPOWER.NS,ULTRACEMCO.NS,0.09713996931879526
ASHOKLEY.NS,BAJAJ-AUTO.NS,0.10070000908917714
AMBUJACEM.NS,HAVELLS.NS,0.1012485517931756
LT.NS,SBIN.NS,0.10169327082162882
AXISBANK.NS,SIEMENS.NS,0.10245183979668238
HINDALCO.NS,TATACHEM.NS,0.1032017885049143
GRASIM.NS,TATAPOWER.NS,0.10351622866910348
HAVELLS.NS,TATACONSUM.NS,0.10435736458555506
HINDALCO.NS,ICICIBANK.NS,0.10742323760063949
ONGC.NS,SIEMENS.NS,0.10772543621913122
BANKBARODA.NS,IOC.NS,0.10774839714669204
HDFCBANK.NS,PIDILITIND.NS,0.10780204596961107
ADANIPORTS.NS,SIEMENS.NS,0.10853259705465884
ASHOKLEY.NS,HINDALCO.NS,0.10916729538826292
BPCL.NS,ONGC.NS,0.10917109423984384
HINDALCO.NS,TITAN.NS,0.10985242175119792
ADANIENT.NS,TATASTEEL.NS,0.10998859664616129
AXISBANK.NS,TVSMOTOR.NS,0.11039157909256109
BAJAJFINSV.NS,SHREECEM.NS,0.11099754986909166
ASIANPAINT.NS,BAJAJFINSV.NS,0.1112570136681219
JINDALSTEL.NS,TVSMOTOR.NS,0.11215519503101246
COALINDIA.NS,OIL.NS,0.11217758537595085
AXISBANK.NS,NTPC.NS,0.11273950180092512
BHEL.NS,CANBK.NS,0.11339728475584515
KOTAKBANK.NS,RELIANCE.NS,0.11362659932074115
BAJAJFINSV.NS,HDFCBANK.NS,0.11442736297828782
AXISBANK.NS,BAJAJ-AUTO.NS,0.11539705398775874
CHOLAFIN.NS,TITAN.NS,0.11541558770283783
GRASIM.NS,HAVELLS.NS,0.11544615898098032
SHREECEM.NS,SRF.NS,0.11555529359009509
HAVELLS.NS,JINDALSTEL.NS,0.11660661080456003
AXISBANK.NS,ICICIBANK.NS,0.11811197983132576
BAJFINANCE.NS,SRF.NS,0.11885830455510571
ADANIENT.NS,HINDALCO.NS,0.12011020926985078
CANBK.NS,GAIL.NS,0.12109377261349191
ASHOKLEY.NS,MARUTI.NS,0.12110977119436211
POWERGRID.NS,SBIN.NS,0.1217411478379844
BHEL.NS,IOC.NS,0.12194650586524519
ICICIBANK.NS,JINDALSTEL.NS,0.12195758998120226
BAJFINANCE.NS,KOTAKBANK.NS,0.12206285448577253
BHEL.NS,GAIL.NS,0.12371698213294774
BRITANNIA.NS,PIDILITIND.NS,0.12421751003222986
EICHERMOT.NS,ULTRACEMCO.NS,0.12462021130863743
ICICIPRULI.NS,RELIANCE.NS,0.12590414512490206
GRASIM.NS,SBIN.NS,0.12670980038878377
ASHOKLEY.NS,M&M.NS,0.12699926390495897
AMBUJACEM.NS,EICHERMOT.NS,0.12964991964847866
BHARATFORG.NS,CANBK.NS,0.1306055536325047
AXISBANK.NS,PIDILITIND.NS,0.13312314032428157
CIPLA.NS,TORNTPHARM.NS,0.13324104955835703
ICICIBANK.NS,ULTRACEMCO.NS,0.13441829899958274
BPCL.NS,SBIN.NS,0.13487096770986573
MARUTI.NS,SBIN.NS,0.13559786193060036
BHARATFORG.NS,ULTRACEMCO.NS,0.13614087775272354
ADANIPORTS.NS,AMBUJACEM.NS,0.1369129738734014
AMBUJACEM.NS,LT.NS,0.13701881441834118
IOC.NS,VEDL.NS,0.1379444937995281
NTPC.NS,POWERGRID.NS,0.1379623953772396
EICHERMOT.NS,IOC.NS,0.1389084881621151
TATACONSUM.NS,TATASTEEL.NS,0.1389356744238182
ADANIPORTS.NS,HAVELLS.NS,0.13919141779904937
TCS.NS,TECHM.NS,0.14009934829883935
NTPC.NS,VEDL.NS,0.1405169992576849
SBIN.NS,TVSMOTOR.NS,0.14062271949458083
CHOLAFIN.NS,EICHERMOT.NS,0.14136397326428235
AXISBANK.NS,BHARATFORG.NS,0.1414688871598606
BPCL.NS,TATAPOWER.NS,0.1422817113587389
MARUTI.NS,VEDL.NS,0.14236593802067365
BPCL.NS,LT.NS,0.14276355322750045
GRASIM.NS,ULTRACEMCO.NS,0.14344441369086752
BHEL.NS,ONGC.NS,0.14797554250711387
AXISBANK.NS,VEDL.NS,0.14907351943593394
HDFCBANK.NS,RELIANCE.NS,0.1491868514403628
CANBK.NS,POWERGRID.NS,0.15092047440647277
BAJFINANCE.NS,HDFCBANK.NS,0.1509282549204528
M&M.NS,VEDL.NS,0.1512304017724589
TATAPOWER.NS,VEDL.NS,0.15132190185382982
BAJAJ-AUTO.NS,ULTRACEMCO.NS,0.15287492696908173
BAJFINANCE.NS,TATACONSUM.NS,0.15480027235907112
AMBUJACEM.NS,TATACONSUM.NS,0.15490221154033923
LT.NS,VEDL.NS,0.1563955778528054
BPCL.NS,GRASIM.NS,0.15649847145469176
AMBUJACEM.NS,ICICIBANK.NS,0.15806449209294732
ONGC.NS,POWERGRID.NS,0.15874832484862617
BHARATFORG.NS,ICICIBANK.NS,0.160618757471776
EICHERMOT.NS,MARUTI.NS,0.16179962521750324
BHARATFORG.NS,BPCL.NS,0.16300332217366298
HINDALCO.NS,TATAPOWER.NS,0.16326865544475028
CHOLAFIN.NS,HINDALCO.NS,0.16442168996123074
BHARATFORG.NS,COALINDIA.NS,0.16593030262275077
BPCL.NS,HINDALCO.NS,0.16662592537184484
AXISBANK.NS,TATACHEM.NS,0.16720863643288264
CANBK.NS,M&M.NS,0.16730678187967818
ICICIBANK.NS,TITAN.NS,0.1680315781050159
CANBK.NS,LT.NS,0.1689375121852928
ONGC.NS,TATAPOWER.NS,0.1695431458662845
EICHERMOT.NS,HINDALCO.NS,0.1701553259427795
SBIN.NS,TATASTEEL.NS,0.17120025102909264
BANKBARODA.NS,BOSCHLTD.NS,0.17145478732305203
ADANIENT.NS,BAJAJFINSV.NS,0.1716380508949349
CANBK.NS,SIEMENS.NS,0.17288626496905551
HINDALCO.NS,MARUTI.NS,0.17409113084515004
AXISBANK.NS,TATACONSUM.NS,0.17448566324202797
BHEL.NS,SIEMENS.NS,0.1754413246513054
BHARATFORG.NS,IOC.NS,0.1760348936977592
BHARATFORG.NS,HEROMOTOCO.NS,0.1775573771659973
M&M.NS,NTPC.NS,0.17771369330841108
BANKBARODA.NS,NTPC.NS,0.17897655506566817
ASHOKLEY.NS,CANBK.NS,0.1791013723373684
BAJAJ-AUTO.NS,EICHERMOT.NS,0.18102864630206383
GAIL.NS,VEDL.NS,0.18148939937593062
BAJFINANCE.NS,HAVELLS.NS,0.18219858412835932
ASHOKLEY.NS,AXISBANK.NS,0.18307282872480507
TATACONSUM.NS,TITAN.NS,0.18430804315773958
MARUTI.NS,TATAPOWER.NS,0.18477272036536685
BRITANNIA.NS,TATACONSUM.NS,0.18610594872437508
MARUTI.NS,NTPC.NS,0.18776238634341275
BPCL.NS,CANBK.NS,0.18888890835774325
BAJAJFINSV.NS,KOTAKBANK.NS,0.1928609263818588
HINDALCO.NS,JINDALSTEL.NS,0.19385634650791178
IDFCFIRSTB.NS,ONGC.NS,0.19440693093985595
ASHOKLEY.NS,TATASTEEL.NS,0.19456699372699737
BANKBARODA.NS,SIEMENS.NS,0.19557464169233318
INFY.NS,TECHM.NS,0.19638838507423112
MARUTI.NS,TVSMOTOR.NS,0.20096176642362634
GAIL.NS,IOC.NS,0.20123454111682804
GRASIM.NS,UBL.NS,0.20127301967011657
HEROMOTOCO.NS,TVSMOTOR.NS,0.2015015390908383
AMBUJACEM.NS,BAJAJ-AUTO.NS,0.2018884029619636
SIEMENS.NS,VEDL.NS,0.2031341277659327
AXISBANK.NS,EICHERMOT.NS,0.20419790949993627
BHEL.NS,BPCL.NS,0.20424290623648622
BAJAJFINSV.NS,HINDALCO.NS,0.20498620691737335
GRASIM.NS,LT.NS,0.20511593281997886
ASHOKLEY.NS,ICICIBANK.NS,0.20645375367409008
INFY.NS,WIPRO.NS,0.20756219838721257
MARUTI.NS,TATASTEEL.NS,0.20782388497934734
POWERGRID.NS,TATAPOWER.NS,0.2088530388334769
PIDILITIND.NS,SHREECEM.NS,0.20936349960049433
BAJAJFINSV.NS,TATASTEEL.NS,0.2101219346908329
ICICIPRULI.NS,MARUTI.NS,0.21177518945885493
IOC.NS,SIEMENS.NS,0.2119927583737946
ADANIENT.NS,TATACONSUM.NS,0.21438044303736498
CIPLA.NS,DRREDDY.NS,0.21492798105065047
HDFCBANK.NS,TATACONSUM.NS,0.216724165609122
BANKBARODA.NS,TVSMOTOR.NS,0.21759304789745454
GAIL.NS,ONGC.NS,0.2191567644420771
SIEMENS.NS,ULTRACEMCO.NS,0.21976014397080074
HINDUNILVR.NS,NESTLEIND.NS,0.22111463277460408
ASHOKLEY.NS,COALINDIA.NS,0.22323686756131517
BANKBARODA.NS,LT.NS,0.22478338468340442
GRASIM.NS,ICICIPRULI.NS,0.22484387052906368
BHEL.NS,POWERGRID.NS,0.22637213588885646
JINDALSTEL.NS,SIEMENS.NS,0.22664521729065135
DABUR.NS,PIDILITIND.NS,0.22849119725116046
BAJAJFINSV.NS,TITAN.NS,0.23131272484429866
LT.NS,NTPC.NS,0.23163588010481007
IDFCFIRSTB.NS,IOC.NS,0.2322215777765702
JINDALSTEL.NS,TATAPOWER.NS,0.2327559337357793
HINDALCO.NS,RELIANCE.NS,0.23339206235968174
SHREECEM.NS,TATASTEEL.NS,0.23467892017526093
HEROMOTOCO.NS,MARUTI.NS,0.23817004478024556
BHARATFORG.NS,BHEL.NS,0.2381902001212048
ADANIENT.NS,ASHOKLEY.NS,0.23942471148038558
BHEL.NS,M&M.NS,0.24015058089459468
ICICIPRULI.NS,LT.NS,0.24127630400019817
TATACONSUM.NS,UBL.NS,0.24167519994298342
LT.NS,TATAPOWER.NS,0.24284168427363956
RELIANCE.NS,SRF.NS,0.24388010054271358
AXISBANK.NS,BPCL.NS,0.24445943067039078
ITC.NS,SBIN.NS,0.24464923098174507
COALINDIA.NS,NTPC.NS,0.24825924128916876
GAIL.NS,NTPC.NS,0.24918374264922843
HDFCBANK.NS,TATACHEM.NS,0.2515016173508477
BAJAJHLDNG.NS,LT.NS,0.25316239191461787
BANKBARODA.NS,BHARATFORG.NS,0.2533476035205776
ASHOKLEY.NS,HEROMOTOCO.NS,0.25395301813846183
PIDILITIND.NS,SRF.NS,0.2543174593980828
AXISBANK.NS,MARUTI.NS,0.2550610626501038
AMBUJACEM.NS,NTPC.NS,0.25642456508509903
CANBK.NS,VEDL.NS,0.25648457149505266
DIVISLAB.NS,DRREDDY.NS,0.2566687447382592
AXISBANK.NS,ICICIPRULI.NS,0.2568247191126458
ADANIENT.NS,AMBUJACEM.NS,0.2586471136731083
ITC.NS,LT.NS,0.25897193463118634
JINDALSTEL.NS,VEDL.NS,0.2593492529649637
BAJFINANCE.NS,TATACHEM.NS,0.26015142107323597
ASHOKLEY.NS,BANKBARODA.NS,0.26302269700830083
BPCL.NS,COALINDIA.NS,0.26432675871952405
ONGC.NS,SBIN.NS,0.26764232191605397
EICHERMOT.NS,ICICIBANK.NS,0.2680301517023784
HEROMOTOCO.NS,SIEMENS.NS,0.2680996708979245
ADANIENT.NS,RELIANCE.NS,0.26914918165408636
ADANIENT.NS,BAJFINANCE.NS,0.26991133711884663
LT.NS,ONGC.NS,0.2704052714297426
RELIANCE.NS,TATACHEM.NS,0.27137870298411987
IDFCFIRSTB.NS,NTPC.NS,0.27161272538356057
BRITANNIA.NS,COLPAL.NS,0.27182945427280136
SBIN.NS,SIEMENS.NS,0.27190697016327714
AXISBANK.NS,IOC.NS,0.27283701348140843
CANBK.NS,TATAPOWER.NS,0.27284156773443646
PIDILITIND.NS,TITAN.NS,0.27485507561488676
IOC.NS,LT.NS,0.2753277794516711
BAJAJFINSV.NS,BRITANNIA.NS,0.27649199510252803
MUTHOOTFIN.NS,ULTRACEMCO.NS,0.28305708042651223
BANKBARODA.NS,GAIL.NS,0.2840477848471057
ASIANPAINT.NS,SRF.NS,0.28757117163433604
AXISBANK.NS,CANBK.NS,0.2892884976562795
BPCL.NS,ICICIBANK.NS,0.2898835642257866
JINDALSTEL.NS,ONGC.NS,0.29098689696867885
IDFCFIRSTB.NS,SIEMENS.NS,0.2909976927507908
IOC.NS,JINDALSTEL.NS,0.2923215027345872
HCLTECH.NS,TECHM.NS,0.2940860753476623
COALINDIA.NS,SIEMENS.NS,0.2941562473291329
AMBUJACEM.NS,TVSMOTOR.NS,0.29579122983302275
HEROMOTOCO.NS,LT.NS,0.2965085981404288
CANBK.NS,GRASIM.NS,0.2966994023920344
HINDALCO.NS,OIL.NS,0.29747322154571143
HINDUNILVR.NS,PIDILITIND.NS,0.29793162018305464
EICHERMOT.NS,TATASTEEL.NS,0.2992343954613401
AMBUJACEM.NS,PIDILITIND.NS,0.29998831353638156
BHARATFORG.NS,CHOLAFIN.NS,0.3026127853234858
ADANIENT.NS,BHARATFORG.NS,0.30288520453672846
HAVELLS.NS,SRF.NS,0.3046262928888802
BHARATFORG.NS,HINDALCO.NS,0.30556614158325446
IDFCFIRSTB.NS,TATAPOWER.NS,0.30804976976127063
OIL.NS,ONGC.NS,0.30961844358857327
ADANIPORTS.NS,MARUTI.NS,0.31235114396023383
ICICIBANK.NS,ICICIPRULI.NS,0.31329582139527234
TATAPOWER.NS,TATASTEEL.NS,0.3133136180435693
HINDALCO.NS,LT.NS,0.31512745745149817
ADANIENT.NS,ICICIBANK.NS,0.3153074887531071
BRITANNIA.NS,MARUTI.NS,0.31601783980035597
MARUTI.NS,ULTRACEMCO.NS,0.31742863636716667
MARUTI.NS,TATACHEM.NS,0.3191176035182084
ADANIPORTS.NS,MUTHOOTFIN.NS,0.3201551269400337
TATAPOWER.NS,TVSMOTOR.NS,0.32050968676574665
BPCL.NS,MARUTI.NS,0.32184012863103206
HINDALCO.NS,MUTHOOTFIN.NS,0.32199032943908096
JINDALSTEL.NS,NTPC.NS,0.32231499440951006
LT.NS,SIEMENS.NS,0.3230784335382211
AMBUJACEM.NS,SRF.NS,0.32331674287418555
HAVELLS.NS,TATAPOWER.NS,0.32382985847069795
HEROMOTOCO.NS,ULTRACEMCO.NS,0.32428233128360223
ADANIENT.NS,JINDALSTEL.NS,0.32504262387008154
DABUR.NS,TATACONSUM.NS,0.32658882698767844
AMBUJACEM.NS,MARUTI.NS,0.3281835494540546
CHOLAFIN.NS,MARUTI.NS,0.3291107786103253
SRF.NS,TATACONSUM.NS,0.32959934238817534
MARUTI.NS,SIEMENS.NS,0.33108375051327293
HINDALCO.NS,ONGC.NS,0.33185683919002695
LT.NS,ULTRACEMCO.NS,0.33186389520092574
ADANIENT.NS,SBIN.NS,0.33249953338922555
HEROMOTOCO.NS,TATAPOWER.NS,0.33474835331593755
SIEMENS.NS,TATAPOWER.NS,0.3365049551141911
BPCL.NS,TATASTEEL.NS,0.33792095879321327
COALINDIA.NS,IOC.NS,0.3397366058561976
AMBUJACEM.NS,BPCL.NS,0.3399343781707893
GAIL.NS,LT.NS,0.3407689504211878
IDFCFIRSTB.NS,TATASTEEL.NS,0.341907090680021
AXISBANK.NS,M&M.NS,0.34272290771269964
CANBK.NS,CHOLAFIN.NS,0.3436180999238536
SHREECEM.NS,ULTRACEMCO.NS,0.3448903173343999
COLPAL.NS,GODREJCP.NS,0.34644001655641943
ADANIENT.NS,ULTRACEMCO.NS,0.3466127974225961
MARUTI.NS,TATACONSUM.NS,0.3469474386230636
GRASIM.NS,ONGC.NS,0.3479714603811178
HINDALCO.NS,SIEMENS.NS,0.3482271098273891
IDFCFIRSTB.NS,SBIN.NS,0.34911030866018034
ADANIPORTS.NS,TVSMOTOR.NS,0.3543072510877
CHOLAFIN.NS,ICICIPRULI.NS,0.35644670083589725
BHARTIARTL.NS,ULTRACEMCO.NS,0.35704613112834593
BAJFINANCE.NS,HINDALCO.NS,0.3593777290177338
CHOLAFIN.NS,TATACONSUM.NS,0.3595615814894656
COALINDIA.NS,VEDL.NS,0.36012128908219376
JINDALSTEL.NS,MARUTI.NS,0.36017796040088146
GAIL.NS,SIEMENS.NS,0.3606476846106027
GAIL.NS,POWERGRID.NS,0.361333085500404
BAJFINANCE.NS,BRITANNIA.NS,0.36314937996353136
SHREECEM.NS,TATAPOWER.NS,0.364338425909994
NTPC.NS,SBIN.NS,0.36561702734038115
BAJAJFINSV.NS,SBIN.NS,0.3660073927083499
MARUTI.NS,TITAN.NS,0.3677618175028327
AXISBANK.NS,BAJAJFINSV.NS,0.370370785319594
RELIANCE.NS,TATASTEEL.NS,0.3710848928044693
HDFCBANK.NS,HINDALCO.NS,0.371422879893479
ADANIENT.NS,TATAPOWER.NS,0.3715244226494814
IDFCFIRSTB.NS,TVSMOTOR.NS,0.3721230407036772
HDFCBANK.NS,SBIN.NS,0.3730275567574168
AXISBANK.NS,RELIANCE.NS,0.37341424226401343
SRF.NS,UBL.NS,0.37368623024010855
BANKBARODA.NS,IDFCFIRSTB.NS,0.3739160453542744
ASHOKLEY.NS,IOC.NS,0.37562198402432684
IOC.NS,POWERGRID.NS,0.37970822701449264
CANBK.NS,JINDALSTEL.NS,0.37976997911943594
ASHOKLEY.NS,BHEL.NS,0.38084939170936144
AXISBANK.NS,SRF.NS,0.381216714068258
KOTAKBANK.NS,TATACONSUM.NS,0.3824055239329459
CANBK.NS,ULTRACEMCO.NS,0.38283688603323507
CHOLAFIN.NS,TATACHEM.NS,0.38424422229735455
GRASIM.NS,MARUTI.NS,0.3862735674790102
MARUTI.NS,PIDILITIND.NS,0.38817689991301796
AUROPHARMA.NS,LUPIN.NS,0.3882539906425695
HDFCBANK.NS,TATASTEEL.NS,0.39082143497413646
HINDALCO.NS,SHREECEM.NS,0.39119288222092424
AXISBANK.NS,MUTHOOTFIN.NS,0.3919546062984066
SRF.NS,TATASTEEL.NS,0.3921445689674289
ONGC.NS,TATASTEEL.NS,0.392985561778006
AUROPHARMA.NS,SUNPHARMA.NS,0.3946058592822863
AMBUJACEM.NS,RELIANCE.NS,0.39488968198822827
ASHOKLEY.NS,BPCL.NS,0.3948918014207308
BAJAJFINSV.NS,BHARATFORG.NS,0.39496907310127105
TECHM.NS,WIPRO.NS,0.3963414833918924
AXISBANK.NS,HEROMOTOCO.NS,0.39778186094748363
BRITANNIA.NS,DABUR.NS,0.39793226057720527
HDFCBANK.NS,TITAN.NS,0.39883528243996763
BAJFINANCE.NS,TATASTEEL.NS,0.40130822165067515
ICICIBANK.NS,PIDILITIND.NS,0.40147539089658185
IDFCFIRSTB.NS,LT.NS,0.40230379036057845
AUROPHARMA.NS,TORNTPHARM.NS,0.4030496801360804
AMBUJACEM.NS,BAJAJFINSV.NS,0.40383740583298455
TVSMOTOR.NS,ULTRACEMCO.NS,0.4052519679414722
BHEL.NS,LT.NS,0.4054257001341389
ADANIPORTS.NS,GAIL.NS,0.40574740460848874
IOC.NS,SBIN.NS,0.40683546139842125
BANKBARODA.NS,TATAPOWER.NS,0.40695334983929804
HINDALCO.NS,SRF.NS,0.40993279858720766
IDFCFIRSTB.NS,ULTRACEMCO.NS,0.41310441002303666
KOTAKBANK.NS,SRF.NS,0.41451248143865055
HAVELLS.NS,VEDL.NS,0.4151734009054472
TITAN.NS,ULTRACEMCO.NS,0.41620887362518966
BHEL.NS,VEDL.NS,0.4177304406382047
BHARATFORG.NS,TATASTEEL.NS,0.4188385621453795
ADANIPORTS.NS,ONGC.NS,0.4193103421403587
AXISBANK.NS,BANKBARODA.NS,0.42053000300212406
BHEL.NS,CHOLAFIN.NS,0.42084377687180163
BOSCHLTD.NS,M&M.NS,0.4210817255455306
ASHOKLEY.NS,HAVELLS.NS,0.42128034636659806
HDFCBANK.NS,JINDALSTEL.NS,0.422526944208656
ICICIBANK.NS,VEDL.NS,0.4228771453747422
MARUTI.NS,RELIANCE.NS,0.42487062732513287
IDFCFIRSTB.NS,JINDALSTEL.NS,0.42613628030586476
ASIANPAINT.NS,BERGEPAINT.NS,0.42624652921544753
HINDALCO.NS,IOC.NS,0.4265914098742962
CIPLA.NS,SUNPHARMA.NS,0.42766265362519656
AXISBANK.NS,BHEL.NS,0.4280307444125957
TATASTEEL.NS,TVSMOTOR.NS,0.4280519169336896
HEROMOTOCO.NS,SBIN.NS,0.42823242251503135
AMBUJACEM.NS,CANBK.NS,0.4306665417230113
IDFCFIRSTB.NS,MARUTI.NS,0.43190935969028216
ASIANPAINT.NS,HDFCBANK.NS,0.43321723325594874
GAIL.NS,JINDALSTEL.NS,0.43449797145676433
HAVELLS.NS,LT.NS,0.43611224213375066
BAJAJFINSV.NS,TATAPOWER.NS,0.43773696589110356
BHEL.NS,JINDALSTEL.NS,0.4394183737567174
BHEL.NS,SBIN.NS,0.44090420813255243
IOC.NS,TATAPOWER.NS,0.44129494046068957
BANKBARODA.NS,M&M.NS,0.44158448174957327
ASHOKLEY.NS,TITAN.NS,0.44424848709025017
SHREECEM.NS,SIEMENS.NS,0.4447180328335731
EICHERMOT.NS,HAVELLS.NS,0.4453965298188743
ASHOKLEY.NS,BOSCHLTD.NS,0.44566117001722594
HAVELLS.NS,MARUTI.NS,0.4458494823008263
CANBK.NS,MARUTI.NS,0.44652586870605265
CANBK.NS,SBIN.NS,0.4466053876822747
ICICIBANK.NS,SBIN.NS,0.44883868883420464
AXISBANK.NS,HDFCBANK.NS,0.4489163155160624
AUROPHARMA.NS,CIPLA.NS,0.4489410132539006
IDFCFIRSTB.NS,TATACONSUM.NS,0.4492747655763613
BAJAJFINSV.NS,CHOLAFIN.NS,0.4499721104067781
BRITANNIA.NS,HINDUNILVR.NS,0.45018979005520626
IDFCFIRSTB.NS,TATACHEM.NS,0.45088781973408076
CHOLAFIN.NS,SIEMENS.NS,0.4515989954527704
BANKBARODA.NS,JINDALSTEL.NS,0.45535861574939374
GRASIM.NS,SIEMENS.NS,0.4568979517441551
BANKBARODA.NS,GRASIM.NS,0.46084289896908626
BHARATFORG.NS,M&M.NS,0.4613546883708352
CHOLAFIN.NS,PIDILITIND.NS,0.4620535087689867
IDFCFIRSTB.NS,VEDL.NS,0.4641772995280483
GRASIM.NS,ICICIBANK.NS,0.46735218898962627
AMBUJACEM.NS,IOC.NS,0.47064888180064596
BHARATFORG.NS,HAVELLS.NS,0.4715423129127349
MARUTI.NS,MUTHOOTFIN.NS,0.4723476193762865
BAJFINANCE.NS,TITAN.NS,0.4723884353253287
BANKBARODA.NS,SBIN.NS,0.4725352163775978
HEROMOTOCO.NS,HINDALCO.NS,0.47308885662060624
HDFCBANK.NS,MUTHOOTFIN.NS,0.4750736353615668
ADANIPORTS.NS,M&M.NS,0.47644559477031134
GRASIM.NS,SUNPHARMA.NS,0.4766372729924198
TCS.NS,WIPRO.NS,0.4796148255182522
M&M.NS,TVSMOTOR.NS,0.4801863488746774
IDFCFIRSTB.NS,SRF.NS,0.4805283623391208
GRASIM.NS,TVSMOTOR.NS,0.48164627233811985
BANKBARODA.NS,VEDL.NS,0.4827000702035429
IOC.NS,MARUTI.NS,0.48452221805884177
HEROMOTOCO.NS,M&M.NS,0.4867407527672549
AMBUJACEM.NS,GAIL.NS,0.48737321223545854
AMBUJACEM.NS,BANKBARODA.NS,0.48978850611893593
ADANIENT.NS,GRASIM.NS,0.48985483542702596
BHEL.NS,TATAPOWER.NS,0.4901682004270733
GAIL.NS,SBIN.NS,0.4902071648498306
BANKBARODA.NS,ULTRACEMCO.NS,0.4922752652595836
ICICIBANK.NS,MUTHOOTFIN.NS,0.49241509243779913
BPCL.NS,IOC.NS,0.4967171853366135
DABUR.NS,GODREJCP.NS,0.4970605516874236
ASIANPAINT.NS,TATACONSUM.NS,0.49797925168833124
BHARATFORG.NS,TATACONSUM.NS,0.4993401273809087
NTPC.NS,ULTRACEMCO.NS,0.4995383615071677
PIDILITIND.NS,ULTRACEMCO.NS,0.5003123226325311
ADANIENT.NS,LT.NS,0.500418832453376
ICICIBANK.NS,TATAPOWER.NS,0.5005413269040757
CHOLAFIN.NS,TVSMOTOR.NS,0.5010373143366377
GRASIM.NS,TITAN.NS,0.5010707655063694
AMBUJACEM.NS,HEROMOTOCO.NS,0.5020342542092634
ASHOKLEY.NS,TATACHEM.NS,0.50311856811997
ADANIENT.NS,MARUTI.NS,0.5031270201197613
AXISBANK.NS,BAJFINANCE.NS,0.5039663405841257
ADANIPORTS.NS,NTPC.NS,0.5045734191501025
BAJFINANCE.NS,SBIN.NS,0.5058893567145354
CANBK.NS,HINDALCO.NS,0.5060951794722351
BRITANNIA.NS,EICHERMOT.NS,0.5084568599669747
BAJAJ-AUTO.NS,GRASIM.NS,0.5096450074603122
IDFCFIRSTB.NS,M&M.NS,0.5100618335112415
ASIANPAINT.NS,HINDUNILVR.NS,0.5106485820972009
BAJAJ-AUTO.NS,HEROMOTOCO.NS,0.5123930649866952
BHARATFORG.NS,BOSCHLTD.NS,0.5141200318577769
DRREDDY.NS,SUNPHARMA.NS,0.5143747485015739
IOC.NS,TATASTEEL.NS,0.5151085503883813
IOC.NS,ULTRACEMCO.NS,0.5204513810796281
HDFCBANK.NS,MARUTI.NS,0.5223107900944258
BRITANNIA.NS,ULTRACEMCO.NS,0.5233848896041375
HDFCBANK.NS,TATAPOWER.NS,0.5261850881949002
AMBUJACEM.NS,BHEL.NS,0.526315192849957
IDFCFIRSTB.NS,RELIANCE.NS,0.5277107865351964
IDFCFIRSTB.NS,MUTHOOTFIN.NS,0.5293044998711783
LT.NS,M&M.NS,0.5294094709495947
CANBK.NS,ICICIBANK.NS,0.5303065240861975
GODREJCP.NS,HINDUNILVR.NS,0.5308197090173864
LT.NS,MARUTI.NS,0.5311654714335117
SUNPHARMA.NS,TORNTPHARM.NS,0.5334988473744964
SRF.NS,TITAN.NS,0.5336711066239164
AMBUJACEM.NS,BAJFINANCE.NS,0.5346132087560467
BHEL.NS,ULTRACEMCO.NS,0.5403449526605322
BANKBARODA.NS,ICICIBANK.NS,0.5418183119626397
COALINDIA.NS,LT.NS,0.5424302940280533
BAJAJFINSV.NS,ICICIBANK.NS,0.5424536912707627
BAJAJ-AUTO.NS,ICICIBANK.NS,0.5429965233083236
HEROMOTOCO.NS,TATASTEEL.NS,0.5439790325313728
ADANIPORTS.NS,TATACHEM.NS,0.5457823446498025
AMBUJACEM.NS,M&M.NS,0.5499117525661382
BHARATFORG.NS,SRF.NS,0.5506890069720928
ADANIPORTS.NS,CANBK.NS,0.5517442333722533
AUROPHARMA.NS,DRREDDY.NS,0.5524883923553318
AMBUJACEM.NS,HDFCBANK.NS,0.5544351213302463
ICICIBANK.NS,TATASTEEL.NS,0.555427007910639
BAJAJFINSV.NS,ULTRACEMCO.NS,0.5555320082266653
HINDUNILVR.NS,TATACONSUM.NS,0.5559377559893351
MARUTI.NS,SRF.NS,0.5569299769791445
GRASIM.NS,NTPC.NS,0.5601570374651293
COALINDIA.NS,GAIL.NS,0.5628574708653643
GRASIM.NS,HEROMOTOCO.NS,0.564208613209949
JINDALSTEL.NS,TATACONSUM.NS,0.5652005412223559
BHARATFORG.NS,TATACHEM.NS,0.5652414420818852
HDFCBANK.NS,SRF.NS,0.5657121655725247
ASHOKLEY.NS,SRF.NS,0.5663048015317903
CANBK.NS,TATASTEEL.NS,0.5674978264153279
COALINDIA.NS,POWERGRID.NS,0.5683440486143155
EICHERMOT.NS,TITAN.NS,0.5703729721420877
KOTAKBANK.NS,MARUTI.NS,0.5730674642942298
ICICIBANK.NS,SIEMENS.NS,0.5749345282324145
ADANIENT.NS,ADANIPORTS.NS,0.5759048816596857
SBIN.NS,TATACHEM.NS,0.5777020464746846
BAJAJFINSV.NS,VEDL.NS,0.5779864862326304
JINDALSTEL.NS,MUTHOOTFIN.NS,0.5808543744261133
MARUTI.NS,SHREECEM.NS,0.582912321229247
ADANIENT.NS,SIEMENS.NS,0.5833036914508186
HINDALCO.NS,NTPC.NS,0.5835767765472595
IDFCFIRSTB.NS,KOTAKBANK.NS,0.5837501049616609
INDUSINDBK.NS,SRF.NS,0.5839396966423677
HDFCBANK.NS,ULTRACEMCO.NS,0.5846359509680343
HDFCBANK.NS,ICICIBANK.NS,0.5860076732400312
BAJAJFINSV.NS,JINDALSTEL.NS,0.5887545540584667
MUTHOOTFIN.NS,SBIN.NS,0.5914570933476557
IDFCFIRSTB.NS,SHREECEM.NS,0.5923340090822629
GRASIM.NS,IOC.NS,0.5927334471935072
ADANIENT.NS,VEDL.NS,0.593820302406744
INDUSINDBK.NS,TATAPOWER.NS,0.5945920123898218
HAVELLS.NS,SIEMENS.NS,0.5950025435262086
BHEL.NS,GRASIM.NS,0.595099716104803
BOSCHLTD.NS,SIEMENS.NS,0.5952719832030424
CANBK.NS,HAVELLS.NS,0.5952869957118544
BAJAJFINSV.NS,CANBK.NS,0.5956930287380457
CHOLAFIN.NS,SRF.NS,0.5961239600937049
BAJFINANCE.NS,JINDALSTEL.NS,0.5973094258322613
BOSCHLTD.NS,HEROMOTOCO.NS,0.5981564456808235
ADANIPORTS.NS,BHEL.NS,0.5985473899780239
ADANIPORTS.NS,TATACONSUM.NS,0.5993548771615187
BANKBARODA.NS,CHOLAFIN.NS,0.602845338876347
BAJAJFINSV.NS,MARUTI.NS,0.6034445896551053
AUROPHARMA.NS,GRASIM.NS,0.6046180978617754
HEROMOTOCO.NS,ICICIBANK.NS,0.6049496150096421
BAJAJFINSV.NS,SIEMENS.NS,0.6111425493484149
GRASIM.NS,MUTHOOTFIN.NS,0.6137817327852828
INDUSINDBK.NS,TATACHEM.NS,0.6144636770231552
IDFCFIRSTB.NS,INDUSINDBK.NS,0.6146083584770957
CIPLA.NS,DIVISLAB.NS,0.6150951607667887
BOSCHLTD.NS,TVSMOTOR.NS,0.615686393802136
BANKBARODA.NS,BPCL.NS,0.6160609245906234
BPCL.NS,HDFCBANK.NS,0.616479386139912
ASHOKLEY.NS,BAJAJFINSV.NS,0.6182243489066837
JINDALSTEL.NS,TATACHEM.NS,0.6183415941747921
RELIANCE.NS,SBIN.NS,0.6184801825508638
GAIL.NS,GRASIM.NS,0.6218277086550621
HAVELLS.NS,TVSMOTOR.NS,0.6219963769213473
BOSCHLTD.NS,EICHERMOT.NS,0.6231708464807381
GRASIM.NS,PIDILITIND.NS,0.6233557992245944
BOSCHLTD.NS,VEDL.NS,0.6237581368599501
KOTAKBANK.NS,SBIN.NS,0.6256858901083713
GAIL.NS,TATAPOWER.NS,0.6270326559191473
CANBK.NS,UBL.NS,0.6291644882595551
AXISBANK.NS,BOSCHLTD.NS,0.6320934892717005
BAJAJFINSV.NS,LT.NS,0.6328067793341052
BAJAJFINSV.NS,GRASIM.NS,0.6353230133276809
INDUSINDBK.NS,KOTAKBANK.NS,0.6357951998540603
BAJFINANCE.NS,TATAPOWER.NS,0.6370120831086233
INDUSINDBK.NS,TATASTEEL.NS,0.6373348242711807
BHEL.NS,MARUTI.NS,0.6382043635803971
COALINDIA.NS,JINDALSTEL.NS,0.6390266445477761
AXISBANK.NS,KOTAKBANK.NS,0.6424744222467075
COALINDIA.NS,TATAPOWER.NS,0.644639785270627
BAJAJFINSV.NS,HEROMOTOCO.NS,0.6447762552702382
HDFCBANK.NS,SIEMENS.NS,0.6458877637771175
JINDALSTEL.NS,M&M.NS,0.6468495922348103
NTPC.NS,TATAPOWER.NS,0.6474532682672572
BHEL.NS,HINDALCO.NS,0.6494704420516282
BANKBARODA.NS,HINDALCO.NS,0.6497410069024552
HEROMOTOCO.NS,TITAN.NS,0.6527502992762435
COALINDIA.NS,SBIN.NS,0.6530246158105063
INDUSINDBK.NS,SIEMENS.NS,0.6543578105625357
TATACONSUM.NS,VEDL.NS,0.6549910787994472
BERGEPAINT.NS,SRF.NS,0.6560939528200715
ADANIPORTS.NS,HDFCBANK.NS,0.6564284142909325
AXISBANK.NS,IDFCFIRSTB.NS,0.658939685825029
BHEL.NS,ICICIBANK.NS,0.6621107805471602
BAJAJ-AUTO.NS,HINDALCO.NS,0.6638485285048203
ADANIENT.NS,CANBK.NS,0.6647234672876042
ONGC.NS,TATACHEM.NS,0.6649199772453578
INDUSINDBK.NS,JINDALSTEL.NS,0.6652174821369419
GAIL.NS,HINDALCO.NS,0.6666123504860204
ASHOKLEY.NS,TATACONSUM.NS,0.6667333750708849
BANKBARODA.NS,MARUTI.NS,0.6676209777036034
AUROPHARMA.NS,HINDALCO.NS,0.6684693288753469
AUROPHARMA.NS,TATASTEEL.NS,0.6697974182629061
BAJAJFINSV.NS,BERGEPAINT.NS,0.6720969125509829
BHARTIARTL.NS,GRASIM.NS,0.6726400125050815
BANKBARODA.NS,TATACHEM.NS,0.6726853974170398
BHEL.NS,TATASTEEL.NS,0.6732220110295896
BAJFINANCE.NS,BERGEPAINT.NS,0.6755727800697966
BAJAJ-AUTO.NS,BOSCHLTD.NS,0.6767355319918571
BAJFINANCE.NS,BHARATFORG.NS,0.6767602474871837
BANKBARODA.NS,TATASTEEL.NS,0.678110937598362
EICHERMOT.NS,PIDILITIND.NS,0.6781480238740873
HINDALCO.NS,VEDL.NS,0.6793069992447672
ICICIBANK.NS,TVSMOTOR.NS,0.6795290042330183
LT.NS,TATASTEEL.NS,0.680805687457597
INDUSINDBK.NS,ULTRACEMCO.NS,0.6817563796686701
ASIANPAINT.NS,NESTLEIND.NS,0.682505093781173
M&M.NS,SIEMENS.NS,0.6841456210770963
OIL.NS,TATASTEEL.NS,0.6841949136670084
TATACHEM.NS,TATAPOWER.NS,0.6884341890732077
AXISBANK.NS,SHREECEM.NS,0.6891211424872897
INDUSINDBK.NS,SBIN.NS,0.6893749565587175
CHOLAFIN.NS,HDFCBANK.NS,0.689504773829004
ADANIPORTS.NS,BANKBARODA.NS,0.6900989048699964
EICHERMOT.NS,TATACONSUM.NS,0.6905153518712152
BHARATFORG.NS,HDFCBANK.NS,0.6941515258885929
CHOLAFIN.NS,MUTHOOTFIN.NS,0.6942109356694255
BAJAJFINSV.NS,BANKBARODA.NS,0.6964482019165168
CANBK.NS,TATACONSUM.NS,0.697873786697401
ADANIPORTS.NS,BAJAJFINSV.NS,0.6988082693963819
BPCL.NS,TATACHEM.NS,0.699300235746843
HDFCBANK.NS,TVSMOTOR.NS,0.7006032128269513
GRASIM.NS,HDFCBANK.NS,0.7025390204256404
ADANIPORTS.NS,COALINDIA.NS,0.7033970343776274
AMBUJACEM.NS,BOSCHLTD.NS,0.703631328301495
AMBUJACEM.NS,SHREECEM.NS,0.7039262401665242
HDFCBANK.NS,LT.NS,0.7041717816948532
BAJAJFINSV.NS,BPCL.NS,0.704350884058523
COLPAL.NS,PIDILITIND.NS,0.7043971936567769
KOTAKBANK.NS,SIEMENS.NS,0.707894903978936
ADANIENT.NS,BHEL.NS,0.7085197209437547
CANBK.NS,MUTHOOTFIN.NS,0.7126373622506411
CANBK.NS,TATACHEM.NS,0.7127033649317925
HINDUNILVR.NS,MARUTI.NS,0.7139146992040285
BAJFINANCE.NS,MARUTI.NS,0.7143815239237822
BAJFINANCE.NS,GRASIM.NS,0.7144564766385537
BPCL.NS,RELIANCE.NS,0.7165989872694084
TATACHEM.NS,VEDL.NS,0.717886493448961
CANBK.NS,IDFCFIRSTB.NS,0.7179720162138855
INDUSINDBK.NS,LT.NS,0.7184789828161545
BERGEPAINT.NS,NESTLEIND.NS,0.7213000561788876
BERGEPAINT.NS,TATACONSUM.NS,0.7242237009900211
ICICIBANK.NS,M&M.NS,0.7281602518660295
BAJFINANCE.NS,CANBK.NS,0.7289372914833845
BAJAJFINSV.NS,EICHERMOT.NS,0.7303510696342714
BOSCHLTD.NS,BPCL.NS,0.7313961877633892
MUTHOOTFIN.NS,TATASTEEL.NS,0.7316030782614814
BAJFINANCE.NS,CHOLAFIN.NS,0.7317250005830059
HINDALCO.NS,M&M.NS,0.7333304822865714
INDUSINDBK.NS,M&M.NS,0.7334978943201177
HEROMOTOCO.NS,PIDILITIND.NS,0.7335150302837009
ICICIPRULI.NS,IDFCFIRSTB.NS,0.7346826333118274
ICICIBANK.NS,MARUTI.NS,0.735081154458699
ADANIPORTS.NS,IOC.NS,0.7363382987847181
ICICIBANK.NS,LT.NS,0.7399140397826132
INDUSINDBK.NS,MARUTI.NS,0.7414175797429716
ICICIBANK.NS,ONGC.NS,0.7426308088044907
BAJFINANCE.NS,BPCL.NS,0.742873639728033
KOTAKBANK.NS,MUTHOOTFIN.NS,0.744418377820093
BAJFINANCE.NS,SIEMENS.NS,0.7448708096030952
GRASIM.NS,TATACONSUM.NS,0.7460183587927744
KOTAKBANK.NS,LT.NS,0.7461251849953938
BAJAJFINSV.NS,MUTHOOTFIN.NS,0.7471745610533784
ADANIENT.NS,IOC.NS,0.7472504751376637
BAJFINANCE.NS,MUTHOOTFIN.NS,0.7474080252010965
BAJFINANCE.NS,TVSMOTOR.NS,0.7493291270065023
BANKBARODA.NS,SRF.NS,0.7498444637337043
TATACHEM.NS,ULTRACEMCO.NS,0.7507791398305134
AUROPHARMA.NS,DIVISLAB.NS,0.7512240224759595
BAJFINANCE.NS,BHEL.NS,0.7523665009225387
ICICIBANK.NS,SHREECEM.NS,0.7545108893996137
AMBUJACEM.NS,IDFCFIRSTB.NS,0.756243191452172
ICICIBANK.NS,NTPC.NS,0.756350106798636
KOTAKBANK.NS,M&M.NS,0.7576628762409323
SRF.NS,TATAPOWER.NS,0.7577251661679881
BAJFINANCE.NS,ICICIBANK.NS,0.7589562165318975
BPCL.NS,SRF.NS,0.7591184751087128
SBIN.NS,TATACONSUM.NS,0.7605808289904186
MUTHOOTFIN.NS,TATACONSUM.NS,0.7607262195722366
ADANIENT.NS,BANKBARODA.NS,0.7619352338291699
BOSCHLTD.NS,LT.NS,0.7636451184933712
ICICIBANK.NS,TATACONSUM.NS,0.7656001706472335
JINDALSTEL.NS,TATASTEEL.NS,0.7658798218877587
M&M.NS,TATAPOWER.NS,0.766018802964225
TATACONSUM.NS,TATAPOWER.NS,0.7671490877673762
ADANIENT.NS,IDFCFIRSTB.NS,0.7694731209757917
HDFCBANK.NS,M&M.NS,0.7697217543672973
BHEL.NS,HAVELLS.NS,0.769884946774282
ADANIPORTS.NS,BAJFINANCE.NS,0.7713357774051697
KOTAKBANK.NS,ULTRACEMCO.NS,0.772673163118217
BAJFINANCE.NS,BANKBARODA.NS,0.7738527166498197
ADANIPORTS.NS,BOSCHLTD.NS,0.7749840664700242
BOSCHLTD.NS,TATAPOWER.NS,0.7762198450985867
EICHERMOT.NS,HDFCBANK.NS,0.7762311665409016
RELIANCE.NS,TATAPOWER.NS,0.7766223858700917
BAJFINANCE.NS,HEROMOTOCO.NS,0.7774531812631835
ASHOKLEY.NS,HDFCBANK.NS,0.778775013048838
BAJFINANCE.NS,EICHERMOT.NS,0.7796762650633254
BAJAJ-AUTO.NS,TITAN.NS,0.7804326321257615
BAJFINANCE.NS,ULTRACEMCO.NS,0.7809205692805978
BANKBARODA.NS,TATACONSUM.NS,0.7827622111741742
ADANIPORTS.NS,SHREECEM.NS,0.7834994558321016
BAJFINANCE.NS,LT.NS,0.7838696027245662
HAVELLS.NS,M&M.NS,0.7860111365915503
BAJAJFINSV.NS,IOC.NS,0.7866302976151902
DIVISLAB.NS,SUNPHARMA.NS,0.7895129527939222
CANBK.NS,SRF.NS,0.790267124051633
NTPC.NS,TATASTEEL.NS,0.7915474457388325
BAJAJFINSV.NS,TVSMOTOR.NS,0.7917781339169063
RELIANCE.NS,ULTRACEMCO.NS,0.7925143685102045
HDFCBANK.NS,HEROMOTOCO.NS,0.794403132834504
CANBK.NS,HDFCBANK.NS,0.7965990108644195
ADANIPORTS.NS,SRF.NS,0.7979589636328512
ASIANPAINT.NS,TITAN.NS,0.7981773134144263
BERGEPAINT.NS,BRITANNIA.NS,0.7983228981327193
COLPAL.NS,TATACONSUM.NS,0.7989398352951711
HEROMOTOCO.NS,SRF.NS,0.7999660223469927
ASIANPAINT.NS,BRITANNIA.NS,0.8005197142498934
CANBK.NS,RELIANCE.NS,0.8017585781653935
EICHERMOT.NS,IDFCFIRSTB.NS,0.8033969853020686
SRF.NS,VEDL.NS,0.8067902915933169
BHARATFORG.NS,IDFCFIRSTB.NS,0.8088239945972246
BAJAJFINSV.NS,IDFCFIRSTB.NS,0.8097436553627722
BHEL.NS,TATACHEM.NS,0.8103608116411171
BAJAJFINSV.NS,M&M.NS,0.811232972147403
IOC.NS,TATACHEM.NS,0.8136105493972284
TATACONSUM.NS,ULTRACEMCO.NS,0.8144817733451933
BAJAJ-AUTO.NS,HAVELLS.NS,0.814526303819473
ASHOKLEY.NS,RELIANCE.NS,0.815258245655175
GRASIM.NS,TATACHEM.NS,0.816564011525049
GRASIM.NS,M&M.NS,0.8166089581520558
COALINDIA.NS,HINDALCO.NS,0.8166125388062342
BOSCHLTD.NS,SBIN.NS,0.8172040159144225
HEROMOTOCO.NS,RELIANCE.NS,0.8176924713127315
HINDALCO.NS,KOTAKBANK.NS,0.8231488131824074
BOSCHLTD.NS,JINDALSTEL.NS,0.8238272604462182
BAJFINANCE.NS,BOSCHLTD.NS,0.8243497505208723
ADANIPORTS.NS,RELIANCE.NS,0.8254955743096992
BPCL.NS,IDFCFIRSTB.NS,0.8271803851098232
AMBUJACEM.NS,KOTAKBANK.NS,0.8280132883308561
MUTHOOTFIN.NS,TATACHEM.NS,0.8291714996980953
M&M.NS,ULTRACEMCO.NS,0.8292336473555108
BAJAJFINSV.NS,BOSCHLTD.NS,0.8303252460209695
ASHOKLEY.NS,IDFCFIRSTB.NS,0.8309181612909863
LT.NS,MUTHOOTFIN.NS,0.8316274403460492
AMBUJACEM.NS,ASIANPAINT.NS,0.833479140246033
BAJAJ-AUTO.NS,MARUTI.NS,0.8336076047208557
AUROPHARMA.NS,TATACONSUM.NS,0.8348920838010172
ASIANPAINT.NS,HAVELLS.NS,0.8351881584264472
EICHERMOT.NS,SRF.NS,0.8359008771390408
ONGC.NS,RELIANCE.NS,0.83665219755483
LUPIN.NS,SUNPHARMA.NS,0.836820912897213
TATASTEEL.NS,VEDL.NS,0.837129659582999
ASIANPAINT.NS,HEROMOTOCO.NS,0.8375966270023512
BAJFINANCE.NS,IDFCFIRSTB.NS,0.8376352564285664
RELIANCE.NS,SIEMENS.NS,0.8389820211811754
BAJFINANCE.NS,M&M.NS,0.8410566803576167
BHEL.NS,IDFCFIRSTB.NS,0.8420239495315265
SRF.NS,ULTRACEMCO.NS,0.8433491991154007
SBIN.NS,SHREECEM.NS,0.8439980074478866
CHOLAFIN.NS,IDFCFIRSTB.NS,0.8445013737864395
GAIL.NS,TATASTEEL.NS,0.8450549181260476
BERGEPAINT.NS,MARUTI.NS,0.8470498336425191
JINDALSTEL.NS,SRF.NS,0.8472777854559238
GRASIM.NS,SHREECEM.NS,0.8493651282473913
BOSCHLTD.NS,ULTRACEMCO.NS,0.8496379349247856
BAJAJ-AUTO.NS,HDFCBANK.NS,0.8501482849529327
ASIANPAINT.NS,MARUTI.NS,0.8503118731286329
EICHERMOT.NS,RELIANCE.NS,0.8530636768587329
ICICIBANK.NS,TATACHEM.NS,0.853086027170603
GRASIM.NS,SRF.NS,0.8541124969259667
ASHOKLEY.NS,BAJFINANCE.NS,0.8582325634115529
SBIN.NS,SRF.NS,0.8611914101059719
BOSCHLTD.NS,GRASIM.NS,0.8639714666782135
BHEL.NS,TATACONSUM.NS,0.8647303277780785
JINDALSTEL.NS,RELIANCE.NS,0.8650325209507338
PIDILITIND.NS,SIEMENS.NS,0.8655330291731707
GRASIM.NS,RELIANCE.NS,0.8658124921353474
CHOLAFIN.NS,M&M.NS,0.8686528590856498
RELIANCE.NS,VEDL.NS,0.8691393590235232
BERGEPAINT.NS,HAVELLS.NS,0.8703796950086747
BHEL.NS,SRF.NS,0.8718401018054425
BANKBARODA.NS,HDFCBANK.NS,0.8728925475673877
BERGEPAINT.NS,PIDILITIND.NS,0.8741943955904627
HEROMOTOCO.NS,KOTAKBANK.NS,0.8745442089093032
BERGEPAINT.NS,SIEMENS.NS,0.8789728839737332
COALINDIA.NS,TATASTEEL.NS,0.8801059875863507
EICHERMOT.NS,SHREECEM.NS,0.8810063437899043
BHARATFORG.NS,RELIANCE.NS,0.8897642856259439
COALINDIA.NS,IDFCFIRSTB.NS,0.8933603383465512
SIEMENS.NS,TITAN.NS,0.8946276618210228
COLPAL.NS,NESTLEIND.NS,0.8953048427155519
BOSCHLTD.NS,CHOLAFIN.NS,0.8961087889406818
ASHOKLEY.NS,SHREECEM.NS,0.8998432958959534
IOC.NS,RELIANCE.NS,0.9019793336417836
M&M.NS,SBIN.NS,0.9038844752387986
BAJFINANCE.NS,INDUSINDBK.NS,0.9041555867418595
BOSCHLTD.NS,ICICIBANK.NS,0.9048307535182458
ADANIPORTS.NS,KOTAKBANK.NS,0.9053316149994091
BERGEPAINT.NS,LT.NS,0.9055696324364967
HINDALCO.NS,IDFCFIRSTB.NS,0.9056227318944432
SRF.NS,TVSMOTOR.NS,0.9061904241782477
CHOLAFIN.NS,KOTAKBANK.NS,0.9073602875832858
BERGEPAINT.NS,GRASIM.NS,0.907847355855131
BOSCHLTD.NS,IDFCFIRSTB.NS,0.9099364821554473
BERGEPAINT.NS,EICHERMOT.NS,0.9108764490288342
ADANIPORTS.NS,IDFCFIRSTB.NS,0.9119087666534443
AUROPHARMA.NS,SRF.NS,0.9121819124655604
ASIANPAINT.NS,EICHERMOT.NS,0.9132997863009935
BAJAJ-AUTO.NS,SRF.NS,0.9154047430223682
BAJAJ-AUTO.NS,BAJAJFINSV.NS,0.9156065706888934
BOSCHLTD.NS,HINDALCO.NS,0.9182029418646025
HDFCBANK.NS,IDFCFIRSTB.NS,0.9198845154374016
DRREDDY.NS,LUPIN.NS,0.9201507830739215
ASIANPAINT.NS,SIEMENS.NS,0.9207021356069974
GRASIM.NS,IDFCFIRSTB.NS,0.9216757046627627
ASIANPAINT.NS,GRASIM.NS,0.9231553500721171
GRASIM.NS,KOTAKBANK.NS,0.9249046753646539
TATACONSUM.NS,TVSMOTOR.NS,0.9256093093521367
ASIANPAINT.NS,LT.NS,0.9257123934061938
ICICIBANK.NS,SRF.NS,0.925779863379498
HAVELLS.NS,IDFCFIRSTB.NS,0.9266875738609848
JINDALSTEL.NS,SHREECEM.NS,0.9307244594712124
ICICIBANK.NS,RELIANCE.NS,0.9319990055664955
LT.NS,PIDILITIND.NS,0.9322613304499834
ASHOKLEY.NS,KOTAKBANK.NS,0.9343336333732372
EICHERMOT.NS,KOTAKBANK.NS,0.9355091011893009
LT.NS,SHREECEM.NS,0.9377933007935447
BOSCHLTD.NS,TATASTEEL.NS,0.9382289579291238
BOSCHLTD.NS,MARUTI.NS,0.9382700071223455
GAIL.NS,TATACHEM.NS,0.9392943081247785
BAJAJ-AUTO.NS,BAJFINANCE.NS,0.9430936785083289
ASIANPAINT.NS,COLPAL.NS,0.9436887929569313
COLPAL.NS,HINDUNILVR.NS,0.944114054737526
ASIANPAINT.NS,PIDILITIND.NS,0.9442171449139982
DIVISLAB.NS,SRF.NS,0.9445521436350596
COALINDIA.NS,TATACHEM.NS,0.9446401700743251
CANBK.NS,INDUSINDBK.NS,0.9447542445784164
BAJAJFINSV.NS,INDUSINDBK.NS,0.9451663421153844
SIEMENS.NS,TATASTEEL.NS,0.945586222037104
GAIL.NS,IDFCFIRSTB.NS,0.9462316112990473
HEROMOTOCO.NS,INDUSINDBK.NS,0.9472795933496255
BOSCHLTD.NS,HAVELLS.NS,0.9477356830348573
LT.NS,TITAN.NS,0.9477848530563638
ASIANPAINT.NS,ULTRACEMCO.NS,0.9478516370419786
COLPAL.NS,DABUR.NS,0.9497724053687718
LT.NS,TATACONSUM.NS,0.9505027078847577
BOSCHLTD.NS,TITAN.NS,0.9537754618376785
LUPIN.NS,TORNTPHARM.NS,0.9538645636539747
HCLTECH.NS,INFY.NS,0.9559008686088112
AXISBANK.NS,INDUSINDBK.NS,0.9569578020660764
HCLTECH.NS,WIPRO.NS,0.9571610250229025
LT.NS,RELIANCE.NS,0.9601439656516927
BAJAJ-AUTO.NS,RELIANCE.NS,0.960481397842267
BHEL.NS,INDUSINDBK.NS,0.9607217608303937
NTPC.NS,TATACHEM.NS,0.9611856225198286
BANKBARODA.NS,INDUSINDBK.NS,0.9621523149251741
LT.NS,TATACHEM.NS,0.9632443253352805
CIPLA.NS,LUPIN.NS,0.9634982163829607
BOSCHLTD.NS,TATACHEM.NS,0.9645809592000218
BOSCHLTD.NS,TATACONSUM.NS,0.965158746596698
LT.NS,SRF.NS,0.9652497852194083
BAJAJ-AUTO.NS,KOTAKBANK.NS,0.9660212779761969
COALINDIA.NS,SRF.NS,0.9680559202535901
AMBUJACEM.NS,INDUSINDBK.NS,0.9697075779137436
ICICIBANK.NS,KOTAKBANK.NS,0.9707589023091922
M&M.NS,MUTHOOTFIN.NS,0.9714027525768393
BERGEPAINT.NS,ULTRACEMCO.NS,0.9723228925684297
BOSCHLTD.NS,SRF.NS,0.9746347810843224
HDFCBANK.NS,INDUSINDBK.NS,0.974815145438763
BAJAJFINSV.NS,BAJAJHLDNG.NS,0.9756499126719925
SIEMENS.NS,TATACONSUM.NS,0.9757788634494726
BOSCHLTD.NS,RELIANCE.NS,0.9763789330835654
BOSCHLTD.NS,HDFCBANK.NS,0.9773369133052144
COALINDIA.NS,RELIANCE.NS,0.9773817425411907
SIEMENS.NS,TATACHEM.NS,0.9808565490486921
GAIL.NS,RELIANCE.NS,0.9813831385468937
HCLTECH.NS,TCS.NS,0.9817761382538667
BOSCHLTD.NS,SHREECEM.NS,0.9823261833071705
BOSCHLTD.NS,KOTAKBANK.NS,0.982863401913256
M&M.NS,MARUTI.NS,0.982962500458474
HINDALCO.NS,INDUSINDBK.NS,0.9839577389656667
EICHERMOT.NS,INDUSINDBK.NS,0.9855194642251001
ICICIBANK.NS,IDFCFIRSTB.NS,0.9864701386413068
SIEMENS.NS,SRF.NS,0.9865426740406419
ADANIPORTS.NS,INDUSINDBK.NS,0.9877832724436498
BOSCHLTD.NS,INDUSINDBK.NS,0.9890053713066173
M&M.NS,TITAN.NS,0.9895711727475148
BHARATFORG.NS,INDUSINDBK.NS,0.9899467761610783
ASHOKLEY.NS,INDUSINDBK.NS,0.9899780888364407
CHOLAFIN.NS,INDUSINDBK.NS,0.9914981374862271
DIVISLAB.NS,LUPIN.NS,0.9927559496642447
M&M.NS,TATACHEM.NS,0.9929416932646695
M&M.NS,TATASTEEL.NS,0.9930762417039133
BAJAJ-AUTO.NS,INDUSINDBK.NS,0.9930818637508784
GRASIM.NS,INDUSINDBK.NS,0.9931835315185865
M&M.NS,TATACONSUM.NS,0.9937045582554965
M&M.NS,SHREECEM.NS,0.993943569041956
BAJAJHLDNG.NS,BAJFINANCE.NS,1.0
M&M.NS,SRF.NS,1.0
ICICIBANK.NS,INDUSINDBK.NS,1.0
M&M.NS,RELIANCE.NS,1.0
BAJAJHLDNG.NS,INDUSINDBK.NS,1.0
